{
  "users": [
    {"id": 1,"surname": "Rozsdás", "firstname": "József", "age": 36},
    {"id": 2,"surname": "Doe", "firstname": "John", "age": 25},
    {"id": 3,"surname": "Varga", "firstname": "Bence", "age": 23},
    {"id": 4,"surname": "Vadölő", "firstname": "Józsi", "age": 25},
    {"id": 5,"surname": "Párnás", "firstname": "Jeff", "age": 64},
    {"id": 6,"surname": "Ivanácz", "firstname": "Katalin", "age": 34},
    {"id": 7,"surname": "Áron", "firstname": "Ágnes", "age": 43},
    {"id": 8,"surname": "Jóskagyerek", "firstname": "Pista", "age": 43},
    {"id": 9,"surname": "Jóskagyerek", "firstname": "Pista", "age": 43},
    {"id": 10,"surname": "Jóskagyerek", "firstname": "Pista", "age": 43},
    {"id": 11,"surname": "Jóskagyerek", "firstname": "Pista", "age": 43},
    {"id": 12,"surname": "Jóskagyerek", "firstname": "Pista", "age": 43},
    {"id": 8,"surname": "Jóskagyerek", "firstname": "Pista", "age": 43},
    {"id": 8,"surname": "Jóskagyerek", "firstname": "Pista", "age": 43},
    {"id": 8,"surname": "Jóskagyerek", "firstname": "Pista", "age": 43},
    {"id": 8,"surname": "Jóskagyerek", "firstname": "Pista", "age": 43},
    {"id": 8,"surname": "Jóskagyerek", "firstname": "Pista", "age": 43},
    {"id": 8,"surname": "Jóskagyerek", "firstname": "Pista", "age": 43},
    {"id": 8,"surname": "Jóskagyerek", "firstname": "Pista", "age": 43},
    {"id": 8,"surname": "Jóskagyerek", "firstname": "Pista", "age": 43},
    {"id": 8,"surname": "Jóskagyerek", "firstname": "Pista", "age": 43},
    {"id": 8,"surname": "Jóskagyerek", "firstname": "Pista", "age": 43},
    {"id": 8,"surname": "Jóskagyerek", "firstname": "Pista", "age": 43},
    {"id": 8,"surname": "Jóskagyerek", "firstname": "Pista", "age": 43},
    {"id": 8,"surname": "Jóskagyerek", "firstname": "Pista", "age": 43},
    {"id": 8,"surname": "Jóskagyerek", "firstname": "Pista", "age": 43},
    {"id": 8,"surname": "Jóskagyerek", "firstname": "Pista", "age": 43},
    {"id": 8,"surname": "Jóskagyerek", "firstname": "Pista", "age": 43},
    {"id": 8,"surname": "Jóskagyerek", "firstname": "Pista", "age": 43},
    {"id": 8,"surname": "Jóskagyerek", "firstname": "Pista", "age": 43},
    {"id": 8,"surname": "Jóskagyerek", "firstname": "Pista", "age": 43},
    {"id": 8,"surname": "Jóskagyerek", "firstname": "Pista", "age": 43},
    {"id": 8,"surname": "Jóskagyerek", "firstname": "Pista", "age": 43},
    {"id": 8,"surname": "Jóskagyerek", "firstname": "Pista", "age": 43},
    {"id": 8,"surname": "Jóskagyerek", "firstname": "Pista", "age": 43},
    {"id": 8,"surname": "Jóskagyerek", "firstname": "Pista", "age": 43},
    {"id": 8,"surname": "Jóskagyerek", "firstname": "Pista", "age": 43},
    {"id": 8,"surname": "Jóskagyerek", "firstname": "Pista", "age": 43},
    {"id": 8,"surname": "Jóskagyerek", "firstname": "Pista", "age": 43},
    {"id": 8,"surname": "Jóskagyerek", "firstname": "Pista", "age": 43},
    {"id": 8,"surname": "Jóskagyerek", "firstname": "Pista", "age": 43},
    {"id": 8,"surname": "Jóskagyerek", "firstname": "Pista", "age": 43},
    {"id": 8,"surname": "Jóskagyerek", "firstname": "Pista", "age": 43},
    {"id": 8,"surname": "Jóskagyerek", "firstname": "Pista", "age": 43}
  ]
}